{
  "config": {
    "seq_len": 50,
    "pred_len": 12,
    "n_vars": 31,
    "patch_len": 16,
    "stride": 8,
    "d_model": 256,
    "n_heads": 16,
    "n_layers": 8,
    "d_ff": 512,
    "dropout": 0.1
  },
  "train_history": {
    "train_loss": [
      0.8679158963263035
    ],
    "val_loss": [
      0.4787615895271301
    ]
  },
  "test_metrics": {
    "mse": 1.8236533403396606,
    "mae": 0.9444868564605713,
    "rmse": 1.350427095529285,
    "r2": -0.37402546405792236
  },
  "model_info": {
    "total_parameters": 4238348,
    "trainable_parameters": 4238348
  }
}