{
  "experiment_name": "official_patchtst",
  "total_epochs": 16,
  "best_val_loss": 0.46809944497388706,
  "final_train_loss": 0.14075185245089877,
  "final_val_loss": 0.5074175205408481,
  "total_time": 875.8682124614716,
  "config": {
    "seq_len": 336,
    "pred_len": 96,
    "enc_in": 31,
    "dec_in": 31,
    "c_out": 31,
    "d_model": 256,
    "n_heads": 8,
    "e_layers": 3,
    "d_layers": 1,
    "d_ff": 2048,
    "moving_avg": 25,
    "factor": 1,
    "distil": true,
    "dropout": 0.1,
    "embed": "timeF",
    "activation": "gelu",
    "output_attention": false,
    "do_predict": false,
    "patch_len": 16,
    "stride": 8,
    "padding_patch": "end",
    "revin": true,
    "affine": true,
    "subtract_last": false,
    "decomposition": false,
    "kernel_size": 25,
    "individual": false,
    "fc_dropout": 0.1,
    "head_dropout": 0.0
  },
  "train_history": {
    "loss": [
      0.33815278747090005,
      0.3145310962540468,
      0.3054011651801403,
      0.2939754788180536,
      0.2788365875148443,
      0.2555397999018534,
      0.2293377279925924,
      0.20777663763831644,
      0.19054344925500943,
      0.1791284543085057,
      0.1702216319146866,
      0.16256836228149985,
      0.1560029786041451,
      0.15020365164869798,
      0.14509742007071996,
      0.14075185245089877
    ],
    "val_loss": [
      0.46809944497388706,
      0.47162741474937975,
      0.47428536467384874,
      0.4909623674394792,
      0.49225107711135296,
      0.5031777957552358,
      0.520668091742616,
      0.5258514904662183,
      0.5147202829258484,
      0.5111433696328548,
      0.5145358538679909,
      0.5181529733695482,
      0.5108088942473394,
      0.512751785025262,
      0.5080393937073255,
      0.5074175205408481
    ]
  }
}